season,player_name,defteam,3rd_down_stop,4th_down_stop,qb_hit,sack,tackle_for_loss,forced_fumble,total_impact_plays,drive_stopper_score
2025,M.Garrett,CLE,18,0,37,21,33,0,109,210.0
2025,B.Burns,NYG,14,0,31,16,22,0,83,158.5
2025,W.Anderson,HOU,17,0,26,14,22,0,79,152.0
2025,A.Hutchinson,DET,11,1,34,14,14,0,74,138.5
2025,D.Hunter,HOU,10,0,24,17,17,0,68,132.5
2025,T.Tuipulotu,LAC,7,1,24,14,21,0,67,129.5
2025,M.Crosby,LV,7,0,20,10,28,0,65,125.0
2025,B.Young,LA,9,1,31,11,14,0,66,122.5
2025,N.Bonitto,DEN,9,1,26,12,15,0,63,119.5
2025,K.Chaisson,NE,11,1,27,10,14,0,63,118.0
2025,J.Verse,LA,5,3,34,8,14,0,64,116.5
2025,J.Simmons,TEN,14,0,19,10,17,0,60,115.5
2025,J.Hines-Allen,JAX,10,0,30,8,13,0,61,111.0
2025,D.Lawrence,SEA,12,3,23,6,14,0,58,109.0
2025,M.Parsons,GB,8,1,25,11,12,0,57,107.5
2025,L.Williams,SEA,15,2,23,6,10,0,56,104.5
2025,Z.Allen,DEN,8,1,45,4,4,0,62,104.0
2025,J.Sweat,ARI,6,2,17,12,13,0,50,98.5
2025,C.Jordan,NO,8,1,15,10,15,0,49,96.0
2025,M.Sweat,CHI,4,1,21,10,14,0,50,95.0
2025,E.Wilson,MIN,13,1,10,6,17,0,47,92.5
2025,C.Jones,KC,6,0,25,7,12,0,50,91.0
2025,O.Oweh,LAC,10,0,16,10,11,0,47,91.0
2025,C.Young,NO,12,1,14,8,11,0,46,89.5
2025,J.Brooks,MIA,23,1,4,3,13,0,44,88.0
2025,W.McDonald,NYJ,7,2,19,8,10,0,46,87.5
2025,Y.Diaby,TB,6,1,19,7,13,0,46,86.5
2025,A.Muhammad,DET,7,0,19,10,9,0,45,85.5
2025,A.Highsmith,PIT,3,0,18,9,15,0,45,85.5
2025,G.Rousseau,BUF,5,2,26,6,8,0,47,85.0
2025,L.Latu,IND,7,1,18,7,12,0,45,85.0
2025,R.Gary,GB,11,0,20,7,7,0,45,83.5
2025,A.Van Ginkel,MIN,12,1,13,6,11,0,43,83.0
2025,J.Pearce,ATL,9,0,15,9,10,0,43,83.0
2025,G.Karlaftis,KC,8,0,23,5,10,0,46,83.0
2025,H.Landry,NE,6,0,20,8,10,0,44,82.0
2025,J.Cooper,DEN,10,2,16,6,9,0,43,82.0
2025,K.Turner,LA,9,2,15,6,9,0,41,78.5
2025,J.Hunt,PHI,4,1,23,6,9,0,43,78.0
2025,M.Williams,NE,7,2,13,6,12,0,40,77.5
2025,N.Herbig,PIT,4,0,17,7,13,0,41,77.0
2025,T.Dodson,MIA,15,2,6,5,10,0,38,76.5
2025,B.Chubb,MIA,6,0,19,8,8,0,41,76.5
2025,D.Turner,MIN,7,0,15,7,11,0,40,76.0
2025,T.Watt,PIT,5,0,19,6,10,0,40,73.5
2025,J.Campbell,DET,15,2,5,5,9,0,36,73.0
2025,D.White,LV,14,3,7,2,11,0,37,73.0
2025,J.Bosa,BUF,6,1,17,5,9,0,38,70.5
2025,C.Campbell,ARI,6,1,15,6,9,0,37,70.0
2025,B.Wagner,WAS,15,0,9,4,8,0,36,69.5
2025,J.Ossai,CIN,8,1,12,5,9,0,35,67.0
2025,B.Murphy,SEA,5,0,14,7,9,0,35,66.5
2025,J.Franklin-Myers,DEN,6,0,16,7,6,0,35,65.5
2025,J.Clowney,DAL,3,0,10,8,12,0,33,65.0
2025,V.Miller,WAS,8,0,13,7,6,0,34,65.0
2025,U.Nwosu,SEA,11,1,11,4,7,0,34,65.0
2025,O.Odighizuwa,DAL,4,1,23,3,6,0,37,64.5
2025,C.Granderson,NO,5,3,8,5,11,0,32,64.0
2025,K.Elliss,ATL,9,2,9,3,10,0,33,64.0
2025,A.Carter,NYG,5,0,21,3,7,0,36,63.0
2025,N.Landman,LA,15,0,5,2,10,0,32,62.5
2025,A.Wright,CLE,5,1,9,5,12,0,32,62.5
2025,C.Schwesinger,CLE,11,0,9,2,11,0,33,62.5
2025,K.Benton,PIT,7,0,13,6,7,0,33,62.5
2025,Z.Sieler,MIA,8,0,9,5,10,0,32,62.0
2025,J.Redmond,MIN,4,1,8,6,12,0,31,61.5
2025,B.Dorlus,ATL,4,0,9,7,11,0,31,61.0
2025,D.Buckner,IND,4,2,13,4,9,0,32,60.5
2025,M.Murphy,CIN,10,1,9,5,6,0,31,60.5
2025,T.Moehrig,CAR,7,0,7,3,14,0,31,60.0
2025,G.Dexter,CHI,9,1,10,5,6,0,31,60.0
2025,N.Bolton,KC,11,2,7,1,10,0,31,60.0
2025,M.Collins,CLE,7,1,11,5,7,0,31,59.5
2025,S.Rankins,HOU,11,1,10,3,6,0,31,59.0
2025,J.Carter,PHI,6,2,13,4,6,0,31,58.5
2025,B.Fiske,LA,7,0,12,5,7,0,31,58.5
2025,Q.Walker,GB,13,0,6,2,9,0,30,58.0
2025,Q.Williams,NYJ,9,0,5,3,12,0,29,57.0
2025,H.To'oTo'o,HOU,13,0,4,2,10,0,29,57.0
2025,J.Sherwood,NYJ,13,1,5,2,8,0,29,57.0
2025,B.Huff,SF,3,1,15,4,8,0,31,57.0
2025,T.Walker,JAX,4,2,13,3,8,0,30,56.0
2025,F.Luvu,WAS,12,2,6,3,5,0,28,55.5
2025,R.Smith,BAL,16,3,4,0,5,0,28,55.5
2025,J.Greenard,MIN,7,0,11,2,10,0,30,55.5
2025,Z.Baun,PHI,12,1,5,3,7,0,28,55.5
2025,Z.Franklin,IND,10,3,6,2,7,0,28,55.5
2025,J.Ward,TEN,2,0,22,4,4,0,32,55.0
2025,T.Jones,BAL,6,1,8,4,9,0,28,54.5
2025,A.Booker,CHI,4,1,13,5,6,0,29,54.5
2025,M.Ojomo,PHI,3,1,12,6,6,0,28,53.5
2025,D.Thomas,SEA,5,2,6,3,11,0,27,53.5
2025,K.Mack,LAC,6,0,11,5,6,0,28,53.0
2025,D.Davis,NO,17,2,1,0,6,0,26,52.5
2025,J.Houston,DAL,4,0,13,5,6,0,28,52.0
2025,D.Tranquill,KC,10,1,3,2,10,0,26,52.0
2025,S.Dennis,TB,7,0,7,3,10,0,27,52.0
2025,J.Briggs,NYJ,4,1,10,4,8,0,27,51.5
2025,A.Armstead,JAX,6,1,7,5,7,0,26,51.5
2025,P.Wilson,PIT,14,0,4,2,6,0,26,51.0
2025,J.McMillian,DEN,9,2,4,4,6,0,25,51.0
2025,D.Winters,SF,10,1,4,0,11,0,26,50.5
2025,M.Green,BAL,4,0,14,3,7,0,28,50.5
2025,J.Eboigbe,LAC,3,0,10,6,7,0,26,50.0
2025,V.Vea,TB,4,0,12,4,7,0,27,50.0
2025,F.Oluokun,JAX,17,0,2,1,5,0,25,49.5
2025,L.David,TB,9,0,5,3,8,0,25,49.0
2025,D.Hall,SEA,3,0,15,4,5,0,27,48.5
2025,J.Allen,MIN,6,0,10,3,7,0,26,48.5
2025,M.Jones,NE,9,1,3,3,8,0,24,48.5
2025,G.Delpit,CLE,10,1,7,3,4,0,25,48.5
2025,J.Ramsey,PIT,13,0,4,3,4,0,24,47.5
2025,T.Wilson,LV,6,0,6,4,8,0,24,47.0
2025,C.Rozeboom,CAR,10,2,2,2,7,0,23,47.0
2025,D.Brown,CAR,6,0,10,4,5,0,25,47.0
2025,Ca.Heyward,PIT,4,0,9,3,9,0,25,47.0
2025,A.Jennings,NE,3,0,10,4,8,0,25,47.0
2025,D.Barnett,HOU,1,0,11,5,8,0,25,47.0
2025,J.Parrish,TB,9,2,3,2,7,0,23,46.5
2025,M.Roach,DEN,6,0,8,4,6,0,24,46.0
2025,J.Walker,ATL,5,0,9,5,5,0,24,46.0
2025,J.Martin,WAS,3,0,16,4,3,0,26,46.0
2025,N.Shepherd,NO,4,1,13,3,4,0,25,45.5
2025,J.Davis,PHI,4,0,5,4,10,0,23,45.5
2025,E.Jones,SEA,17,0,1,0,5,0,23,45.5
2025,D.Henley,LAC,9,1,5,3,5,0,23,45.5
2025,B.Bresee,NO,10,0,7,2,5,0,24,45.5
2025,D.Ezeiruaku,DAL,1,1,12,2,9,0,25,45.5
2025,E.Cooper,GB,15,1,3,0,4,0,23,45.0
2025,A.Key,TEN,3,1,11,3,6,0,24,44.5
2025,D.James,LAC,9,0,8,1,6,0,24,44.5
2025,N.Scourton,CAR,5,1,7,3,7,0,23,44.5
2025,M.Koonce,LV,2,0,12,4,6,0,24,44.0
2025,D.Barnes,DET,6,1,5,4,6,0,22,44.0
2025,J.Harrell,TEN,8,0,7,3,5,0,23,44.0
2025,K.Paye,IND,4,0,9,4,6,0,23,43.5
2025,K.Curl,LA,13,1,4,2,2,0,22,43.5
2025,D.Armstrong,WAS,3,0,7,5,7,0,22,43.0
2025,C.Omenihu,KC,3,0,13,3,5,0,24,43.0
2025,M.Milano,BUF,6,0,5,3,8,0,22,43.0
2025,J.Strnad,DEN,6,0,7,4,5,0,22,42.5
2025,D.Gardeck,JAX,6,0,9,2,6,0,23,42.5
2025,D.Alford,ATL,9,1,3,2,6,0,21,42.0
2025,T.Hufanga,DEN,8,1,3,2,7,0,21,42.0
2025,L.Floyd,ATL,4,0,11,3,5,0,23,42.0
2025,N.Smith,PHI,5,1,12,3,2,0,23,42.0
2025,P.Queen,PIT,8,0,5,1,8,0,22,42.0
2025,A.Taylor,NO,9,0,3,2,7,0,21,41.5
2025,B.Cashman,MIN,12,0,3,2,4,0,21,41.5
2025,B.Hill,CIN,4,0,9,4,5,0,22,41.5
2025,J.Bullard,GB,18,0,1,0,2,0,21,41.5
2025,D.Jones,BAL,5,0,15,2,2,0,24,41.5
2025,D.Payne,WAS,4,0,8,3,7,0,22,41.5
2025,J.Johnson,NYJ,7,0,6,3,5,0,21,40.5
2025,T.Robinson,BAL,3,2,9,4,3,0,21,40.5
2025,J.Laulu,LV,2,0,7,4,8,0,21,40.5
2025,D.Jones,DEN,3,0,8,4,6,0,21,40.0
2025,D.Jones,TEN,4,0,8,4,5,0,21,40.0
2025,U.Stout,SF,13,0,2,1,4,0,20,39.5
2025,L.London,ATL,2,1,4,5,7,0,19,39.0
2025,N.Emmanwori,SEA,6,0,4,2,8,0,20,39.0
2025,D.Wyatt,GB,2,1,7,4,6,0,20,39.0
2025,C.Barmore,NE,0,0,13,3,6,0,22,39.0
2025,K.Enagbare,GB,4,1,8,1,7,0,21,39.0
2025,K.Hamilton,BAL,8,0,4,1,7,0,20,38.5
2025,J.Pitre,HOU,11,1,0,0,7,0,19,38.5
2025,Z.Collins,ARI,5,0,9,1,6,0,21,38.0
2025,S.Okuayinonu,SF,4,0,7,3,6,0,20,38.0
2025,D.Bush,CLE,5,1,4,2,7,0,19,37.5
2025,H.Reddick,TB,3,2,6,2,6,0,19,37.0
2025,D.Knight,CIN,7,0,5,3,4,0,19,37.0
2025,E.Oliver,BUF,4,0,5,3,7,0,19,37.0
2025,J.Gibbens,NE,7,0,3,1,8,0,19,37.0
2025,T.Smith,TB,5,1,5,2,6,0,19,37.0
2025,N.Dean,PHI,2,0,6,4,7,0,19,37.0
2025,C.Gray,TEN,8,0,3,1,7,0,19,37.0
2025,N.Cross,IND,7,0,5,2,5,0,19,36.5
2025,C.Conner,KC,8,0,5,2,4,0,19,36.5
2025,K.Lassiter,HOU,8,1,1,0,8,0,18,36.0
2025,A.Robinson,CAR,6,1,7,2,3,0,19,36.0
2025,A.Phillips,NYG,10,0,0,0,8,0,18,36.0
2025,Ja.Phillips,MIA,6,0,7,3,3,0,19,36.0
2025,A.Adebawore,IND,4,1,5,3,5,0,18,35.5
2025,C.Davis,NE,11,1,2,0,4,0,18,35.5
2025,D.Witherspoon,SEA,9,0,6,1,3,0,19,35.5
2025,K.Clark,DAL,3,0,8,2,6,0,19,35.0
2025,A.Anzalone,DET,5,1,6,2,4,0,18,34.5
2025,K.Van Noy,BAL,4,0,9,2,4,0,19,34.5
2025,A.Singleton,DEN,10,0,4,1,3,0,18,34.5
2025,D.Tillman,DEN,2,1,8,3,4,0,18,34.0
2025,D.Lloyd,JAX,3,0,9,1,6,0,19,34.0
2025,C.Ferrell,SF,4,0,5,4,4,0,17,33.5
2025,S.Harris,CLE,6,0,5,0,7,0,18,33.5
2025,S.Ebukam,IND,3,0,8,2,5,0,18,33.0
2025,J.Hargrave,MIN,5,0,5,3,4,0,17,33.0
2025,A.Butler,LV,7,1,5,1,3,0,17,32.5
2025,L.Van Ness,GB,3,0,9,2,4,0,18,32.5
2025,B.Mafe,SEA,6,0,5,2,4,0,17,32.5
2025,J.Hawkins,NE,7,1,5,1,3,0,17,32.5
2025,P.Ford,LA,2,0,6,3,6,0,17,32.5
2025,J.Newton,WAS,2,0,7,4,4,0,17,32.5
2025,D.Fowler,DAL,1,0,10,3,4,0,18,32.5
2025,T.Togiai,HOU,3,0,5,1,8,0,17,32.0
2025,D.Bland,DAL,13,0,0,0,3,0,16,32.0
2025,J.Reaves,WAS,8,0,2,1,5,0,16,31.5
2025,C.Snowden,LV,4,0,4,3,5,0,16,31.5
2025,An.Johnson,JAX,9,1,1,2,2,0,15,31.0
2025,D.Autry,HOU,3,1,6,3,3,0,16,31.0
2025,C.Gardner-Johnson,CHI,3,0,5,3,5,0,16,31.0
2025,N.Gallimore,IND,2,1,6,3,4,0,16,31.0
2025,D.Wonnum,CAR,4,0,5,3,4,0,16,31.0
2025,E.Uwazurike,DEN,3,0,5,3,5,0,16,31.0
2025,J.Williams,NO,3,0,5,3,5,0,16,31.0
2025,T.Hemingway,LV,1,0,6,4,5,0,16,31.0
2025,E.Ponder,NE,2,0,6,4,4,0,16,31.0
2025,B.Branch,DET,4,0,5,2,5,0,16,30.5
2025,M.Graham,CLE,6,0,3,0,7,0,16,30.5
2025,D.Belton,NYG,7,1,2,2,3,0,15,30.5
2025,L.Rodriguez,MIN,1,0,5,2,8,0,16,30.5
2025,K.Thibodeaux,NYG,1,0,9,2,5,0,17,30.5
2025,B.Echols,PIT,8,1,2,1,3,0,15,30.0
2025,T.Hendrickson,CIN,1,0,8,4,3,0,16,30.0
2025,B.Okereke,NYG,11,0,1,1,2,0,15,30.0
2025,I.McGuire,CLE,2,0,5,1,8,0,16,30.0
2025,J.Sawyer,PIT,4,0,6,2,4,0,16,30.0
2025,T.Simpson,BAL,5,1,3,2,4,0,15,30.0
2025,C.Woodson,NE,6,0,1,0,8,0,15,29.5
2025,A.Al-Shaair,HOU,10,1,2,0,2,0,15,29.5
2025,D.Jones,BUF,2,0,8,3,3,0,16,29.5
2025,T.Edmunds,CHI,7,1,3,1,3,0,15,29.5
2025,J.Metellus,MIN,12,0,2,0,1,0,15,29.0
2025,J.Elliss,DEN,3,0,4,2,6,0,15,29.0
2025,D.Alexander,NYG,3,0,5,3,4,0,15,29.0
2025,D.Smoot,JAX,4,1,5,2,3,0,15,29.0
2025,A.Billings,CHI,2,1,5,1,6,0,15,28.5
2025,A.Winfield,TB,6,0,4,1,4,0,15,28.5
2025,S.Williams,DAL,3,0,4,1,7,0,15,28.5
2025,R.Orhorhoro,ATL,2,0,6,3,4,0,15,28.5
2025,S.Thompson,BUF,2,1,2,1,8,0,14,28.0
2025,S.Joseph,TEN,1,0,6,2,6,0,15,28.0
2025,J.McCollough,LA,8,0,2,2,2,0,14,28.0
2025,K.Moore,IND,7,1,2,1,3,0,14,28.0
2025,Z.Harrison,ATL,1,0,4,4,5,0,14,28.0
2025,A.Nelson,TB,3,1,4,3,3,0,14,28.0
2025,R.Douglas,MIA,9,0,2,1,2,0,14,27.5
2025,J.Phillips,PHI,2,0,7,2,4,0,15,27.5
2025,M.Mustapha,SF,7,0,2,1,4,0,14,27.5
2025,I.Stalbird,NO,7,0,3,2,2,0,14,27.5
2025,K.Murray,DAL,6,0,3,1,4,0,14,27.0
2025,K.Kinchens,LA,9,0,3,1,1,0,14,27.0
2025,T.Still,LAC,7,0,2,0,5,0,14,27.0
2025,D.Harmon,PIT,5,0,5,3,1,0,14,27.0
2025,R.Spillane,NE,7,1,0,1,4,0,13,27.0
2025,G.Stone,CIN,4,0,4,2,4,0,14,27.0
2025,C.Robinson,MIA,0,1,6,3,4,0,14,27.0
2025,A.Epenesa,BUF,1,1,9,2,2,0,15,27.0
2025,G.Stewart,IND,3,0,7,0,5,0,15,26.5
2025,D.Hand,LAC,2,1,5,1,5,0,14,26.5
2025,T.McDuffie,KC,8,1,1,1,2,0,13,26.5
2025,J.Reed,SEA,4,0,5,2,3,0,14,26.5
2025,K.White,SF,2,1,6,2,3,0,14,26.5
2025,J.Stewart,LA,2,0,6,3,3,0,14,26.5
2025,B.Browning,ARI,3,0,5,2,4,0,14,26.5
2025,B.Carter,CIN,9,2,1,0,1,0,13,26.5
2025,D.Lawrence,NYG,3,0,8,0,4,0,15,26.0
2025,I.McDuffie,GB,4,3,3,0,3,0,13,26.0
2025,A.Ebiketie,ATL,1,0,6,2,5,0,14,26.0
2025,G.Jarrett,CHI,4,0,9,1,1,0,15,26.0
2025,T.Slaton,CIN,0,0,7,3,4,0,14,26.0
2025,T.Nubin,NYG,6,0,0,0,7,0,13,26.0
2025,C.Bishop,BUF,3,0,2,2,6,0,13,26.0
2025,J.Jones,JAX,6,0,1,0,6,0,13,25.5
2025,C.Rumph,NO,3,1,4,2,3,0,13,25.5
2025,H.Smith,MIN,7,0,2,1,3,0,13,25.5
2025,B.Baker,ARI,8,0,1,0,4,0,13,25.5
2025,E.Roberts,LV,6,0,1,0,6,0,13,25.5
2025,H.Phillips,NYJ,7,0,1,0,5,0,13,25.5
2025,D.Onyemata,ATL,3,0,2,1,7,0,13,25.5
2025,D.Walker,BUF,3,0,2,0,8,0,13,25.0
2025,T.Wallace,CAR,2,0,4,2,5,0,13,25.0
2025,J.Kinlaw,WAS,5,0,3,0,5,0,13,24.5
2025,C.Gonzalez,NE,9,0,0,1,2,0,12,24.5
2025,D.Lenoir,SF,6,1,0,0,5,0,12,24.5
2025,Q.Williams,DAL,2,0,8,1,3,0,14,24.5
2025,T.Wharton,CAR,3,0,5,2,3,0,13,24.5
2025,W.Nolen,ARI,1,0,5,2,5,0,13,24.5
2025,A.Gillotte,KC,4,1,5,0,3,0,13,24.0
2025,T.Jackson,MIN,5,0,2,2,3,0,12,24.0
2025,C.Sample,CIN,3,0,6,2,2,0,13,24.0
2025,I.Rodgers,MIN,8,0,0,0,4,0,12,24.0
2025,R.Steward,DAL,5,0,1,1,5,0,12,24.0
2025,S.James,DAL,5,0,5,1,2,0,13,24.0
2025,T.Knight,SEA,2,0,2,2,6,0,12,24.0
2025,J.Jones,MIA,8,0,0,0,4,0,12,24.0
2025,T.Lewis,IND,1,0,4,3,4,0,12,23.5
2025,T.Buchanan,BAL,4,1,2,0,5,0,12,23.5
2025,J.Chinn,LV,6,0,2,1,3,0,12,23.5
2025,J.Brisker,CHI,4,0,4,2,2,0,12,23.0
2025,J.Bates,ATL,9,0,2,0,1,0,12,23.0
2025,T.Bernard,BUF,3,0,2,0,7,0,12,23.0
2025,M.Williams,SF,4,0,3,1,4,0,12,23.0
2025,J.Watson,KC,3,1,2,2,3,0,11,22.5
2025,J.Caldwell,LAC,3,1,1,1,5,0,11,22.5
2025,R.Lopez,DET,3,0,4,1,4,0,12,22.5
2025,T.White,BUF,4,1,0,0,6,0,11,22.5
2025,C.Braswell,TB,3,0,4,1,4,0,12,22.5
2025,C.Barton,TEN,4,1,1,1,4,0,11,22.5
2025,T.Sweat,TEN,1,1,3,2,4,0,11,22.0
2025,C.Benford,BUF,3,0,2,2,4,0,11,22.0
2025,B.Graham,PHI,3,0,3,3,2,0,11,22.0
2025,T.Okada,SEA,4,1,2,1,3,0,11,22.0
2025,L.Hall,TB,2,1,6,1,2,0,12,22.0
2025,K.Byard,CHI,5,0,0,0,6,0,11,22.0
2025,J.Battle,CIN,9,0,0,0,2,0,11,22.0
2025,T.Bethune,SF,5,0,1,1,4,0,11,22.0
2025,N.Wright,CHI,6,1,1,0,3,0,11,22.0
2025,P.Werner,NO,2,0,3,2,4,0,11,21.5
2025,Q.Lake,LA,6,0,2,1,2,0,11,21.5
2025,N.Bosa,SF,2,0,3,2,4,0,11,21.5
2025,M.Harden,CLE,8,0,1,0,2,0,11,21.5
2025,C.Elliss,NE,3,0,6,1,2,0,12,21.5
2025,M.Fitzpatrick,MIA,4,0,2,1,4,0,11,21.5
2025,L.Chenal,KC,4,1,3,1,2,0,11,21.5
2025,M.Edwards,HOU,5,0,3,1,2,0,11,21.0
2025,D.Johnson,LA,0,1,6,2,2,0,11,20.5
2025,K.Winston,TEN,2,0,4,1,4,0,11,20.5
2025,C.Bynum,IND,6,0,0,1,3,0,10,20.5
2025,B.Murphy,MIN,6,1,0,0,3,0,10,20.5
2025,B.Urban,BAL,3,1,4,0,3,0,11,20.5
2025,K.Tonga,NE,2,0,4,1,4,0,11,20.5
2025,D.Flannigan-Fowles,NYG,4,1,1,1,3,0,10,20.5
2025,E.Roberts,TB,3,0,5,1,2,0,11,20.0
2025,I.Pola-Mao,LV,7,0,0,0,3,0,10,20.0
2025,E.Williams,GB,6,0,0,0,4,0,10,20.0
2025,M.Clemons,NYJ,2,0,5,1,3,0,11,20.0
2025,T.Dye,LAC,3,0,1,1,5,0,10,20.0
2025,T.Adams,NYJ,5,0,1,1,3,0,10,20.0
2025,C.Wooden,GB,1,0,4,0,6,0,11,20.0
2025,N.Williams,KC,4,0,1,1,4,0,10,20.0
2025,R.Moss,DEN,5,0,1,1,3,0,10,20.0
2025,G.Pratt,IND,5,0,0,0,5,0,10,20.0
2025,M.Sainristil,WAS,9,0,0,0,1,0,10,20.0
2025,M.Moore,NYJ,7,0,0,0,3,0,10,20.0
2025,L.Ransom,CAR,6,0,1,1,2,0,10,20.0
2025,J.Adams,LV,3,0,2,1,4,0,10,19.5
2025,I.Pace,MIN,2,0,6,1,2,0,11,19.5
2025,R.Nunez-Roches,NYG,0,0,4,3,3,0,10,19.5
2025,R.Harrison,ATL,3,0,3,2,2,0,10,19.5
2025,D.Tomlinson,ARI,2,1,3,1,3,0,10,19.5
2025,D.Robinson,CHI,0,0,4,2,4,0,10,19.0
2025,J.Hicks,KC,8,0,2,0,0,0,10,19.0
2025,T.Booker,LV,2,1,7,0,1,0,11,19.0
2025,E.Speed,HOU,5,0,2,0,3,0,10,19.0
2025,D.Odeyingbo,CHI,3,0,4,1,2,0,10,18.5
2025,M.Danna,KC,2,0,4,1,3,0,10,18.5
2025,D.Wilson,DAL,6,0,0,0,3,0,9,18.0
2025,M.Jackson,CAR,5,0,0,0,4,0,9,18.0
2025,K.Dugger,PIT,5,0,1,1,2,0,9,18.0
2025,K.Gordon,CHI,3,0,2,2,2,0,9,18.0
2025,C.West,SF,1,0,2,2,4,0,9,18.0
2025,A.Robertson,DET,7,0,0,0,2,0,9,18.0
2025,R.McCreary,TEN,6,0,1,1,1,0,9,18.0
2025,W.Gay,MIA,2,0,2,2,3,0,9,18.0
2025,A.Davis-Gaither,ARI,5,1,1,0,2,0,9,18.0
2025,Ta.Johnson,BUF,7,0,0,0,2,0,9,18.0
2025,F.Warner,SF,7,0,0,0,2,0,9,18.0
2025,D.Robinson,ARI,1,1,2,1,4,0,9,18.0
2025,D.Deablo,ATL,4,0,0,0,5,0,9,18.0
2025,C.Simon,ARI,6,0,1,0,2,0,9,17.5
2025,J.Solomon,BUF,5,0,2,1,1,0,9,17.5
2025,J.Jobe,SEA,5,1,2,0,1,0,9,17.5
2025,J.Lewis,JAX,3,0,1,0,5,0,9,17.5
2025,T.Tart,LAC,0,0,2,1,6,0,9,17.5
2025,A.Wingard,JAX,5,0,1,0,3,0,9,17.5
2025,M.Starks,BAL,7,0,1,0,1,0,9,17.5
2025,J.Davis,CIN,4,0,2,1,2,0,9,17.5
2025,T.Jefferson,LAC,4,1,2,0,2,0,9,17.5
2025,K.Nixon,GB,5,0,1,0,3,0,9,17.5
2025,M.Humphrey,BAL,2,0,3,1,3,0,9,17.0
2025,B.Young,PHI,0,0,4,2,3,0,9,17.0
2025,Qu.Williams,NYJ,2,0,3,1,3,0,9,17.0
2025,P.Smith,WAS,2,0,6,0,2,0,10,17.0
2025,B.Green,JAX,2,1,1,2,2,0,8,17.0
2025,K.Grant,MIA,3,0,3,1,2,0,9,17.0
2025,K.Jenkins,CIN,3,0,3,1,2,0,9,17.0
2025,M.Blackmon,IND,5,0,0,1,2,0,8,16.5
2025,T.Edwards,CHI,4,0,3,0,2,0,9,16.5
2025,C.Johnson,CIN,0,0,5,2,2,0,9,16.5
2025,J.Thompson,ARI,5,0,0,1,2,0,8,16.5
2025,K.Brooks,GB,2,0,7,0,1,0,10,16.5
2025,Q.Robinson,DEN,0,0,4,1,4,0,9,16.5
2025,Z.Biggers,MIA,3,0,4,1,1,0,9,16.5
2025,A.Hooker,TEN,3,0,1,1,3,0,8,16.0
2025,J.Jenkins,BAL,3,0,1,1,3,0,8,16.0
2025,C.Thomas,CLE,0,1,6,1,1,0,9,16.0
2025,T.Nowaske,DET,2,1,2,1,2,0,8,16.0
2025,B.Jones,DEN,6,1,1,0,0,0,8,16.0
2025,C.Golston,NYG,1,0,1,1,5,0,8,16.0
2025,G.Gaines,TB,1,0,2,2,3,0,8,16.0
2025,J.Williams,TEN,3,0,1,1,3,0,8,16.0
2025,N.Scott,CAR,8,0,0,0,0,0,8,16.0
2025,B.Sorrell,GB,4,0,2,1,1,0,8,15.5
2025,C.Clark,PIT,4,0,1,0,3,0,8,15.5
2025,Ma.Wilson,ARI,4,0,1,0,3,0,8,15.5
2025,N.Madubuike,BAL,1,0,3,2,2,0,8,15.5
2025,C.DeJean,PHI,3,0,1,0,4,0,8,15.5
2025,T.Woolen,SEA,6,0,1,0,1,0,8,15.5
2025,E.Murray,JAX,3,0,2,1,2,0,8,15.5
2025,B.Dupree,LAC,1,0,3,2,2,0,8,15.5
2025,I.Melifonwu,MIA,2,2,1,1,1,0,7,15.0
2025,R.Ya-Sin,DET,6,0,2,0,0,0,8,15.0
2025,R.Robertson-Harris,NYG,0,0,6,0,3,0,9,15.0
2025,A.McNeill,DET,2,0,3,1,2,0,8,15.0
2025,J.Tavai,NE,2,1,0,0,4,0,7,14.5
2025,C.Durden,NE,0,0,3,0,5,0,8,14.5
2025,P.Umanmielen,CAR,1,0,4,1,2,0,8,14.5
2025,S.Stewart,CIN,1,0,4,1,2,0,8,14.5
2025,C.Robinson,SF,5,1,0,0,1,0,7,14.5
2025,C.Lewis,BUF,6,0,0,0,1,0,7,14.0
2025,A.Terrell,ATL,6,0,0,0,1,0,7,14.0
2025,R.Jenkins,CLE,7,0,0,0,0,0,7,14.0
2025,R.Hickman,CLE,6,0,0,0,1,0,7,14.0
2025,T.Settle,HOU,2,0,1,1,3,0,7,14.0
2025,J.Thornhill,PIT,6,0,0,0,1,0,7,14.0
2025,C.Smith-Wade,CAR,6,0,0,0,1,0,7,14.0
2025,K.Street,ATL,0,0,2,2,3,0,7,14.0
2025,O.Speights,LA,6,0,0,0,1,0,7,14.0
2025,D.Jackson,CHI,2,0,1,1,3,0,7,14.0
2025,C.Durant,LA,6,0,0,0,1,0,7,14.0
2025,J.Brown,SF,5,0,0,0,2,0,7,14.0
2025,M.Bryant,HOU,6,0,0,0,1,0,7,14.0
2025,K.Martin,BAL,4,0,1,1,1,0,7,14.0
2025,N.Igbinoghene,WAS,3,0,2,1,1,0,7,13.5
2025,Z.Smith,PHI,2,0,2,1,2,0,7,13.5
2025,D.Greenlaw,DEN,2,0,2,1,2,0,7,13.5
2025,J.Dean,TB,3,0,2,1,1,0,7,13.5
2025,L.Murchison,LA,0,0,3,2,2,0,7,13.5
2025,J.Elliott,SF,3,1,2,0,1,0,7,13.5
2025,B.Bowman,ATL,3,0,2,1,1,0,7,13.5
2025,A.Washington,BAL,2,0,3,1,1,0,7,13.0
2025,K.Davis,SF,1,0,2,0,4,0,7,13.0
2025,J.Uche,PHI,1,0,3,1,2,0,7,13.0
2025,J.Tuimoloau,IND,1,0,6,0,1,0,8,13.0
2025,D.Hamilton,JAX,0,0,3,1,3,0,7,13.0
2025,J.Love,SEA,2,1,1,1,1,0,6,12.5
2025,B.Cox,GB,1,0,4,1,1,0,7,12.5
2025,N.Sewell,CHI,2,1,0,0,3,0,6,12.5
2025,M.Sigle,SF,4,1,0,0,1,0,6,12.5
2025,D.Williams,BUF,3,0,3,0,1,0,7,12.5
2025,E.Molden,LAC,5,1,0,0,0,0,6,12.5
2025,M.Hughes,ATL,3,1,0,0,2,0,6,12.5
2025,T.Gipson,CAR,0,0,2,2,2,0,6,12.0
2025,I.Oliver,NYJ,6,0,0,0,0,0,6,12.0
2025,D.Taylor-Demerson,ARI,6,0,0,0,0,0,6,12.0
2025,C.Bryant,SEA,2,0,0,0,4,0,6,12.0
2025,J.Howden,NO,5,0,0,0,1,0,6,12.0
2025,D.Muasau,NYG,2,0,1,1,2,0,6,12.0
2025,L.Fotu,LV,1,0,1,1,3,0,6,12.0
2025,L.Ogunjobi,BUF,2,0,0,0,4,0,6,12.0
2025,D.Burke,ARI,4,0,0,0,2,0,6,12.0
2025,B.Stephens,NYJ,2,0,0,0,4,0,6,12.0
2025,J.Reid,NO,4,0,0,0,2,0,6,12.0
2025,E.Kendricks,SF,3,0,0,0,3,0,6,12.0
2025,J.Campbell,PHI,3,0,1,0,2,0,6,11.5
2025,X.McKinney,GB,3,0,2,1,0,0,6,11.5
2025,C.Hart,LAC,5,0,1,0,0,0,6,11.5
2025,B.Brown,CAR,2,0,1,0,3,0,6,11.5
2025,P.Jones,CAR,1,0,2,1,2,0,6,11.5
2025,J.Trotter,PHI,3,0,2,0,1,0,6,11.0
2025,B.Ojulari,ARI,1,0,3,1,1,0,6,11.0
2025,S.Thomas,DAL,1,0,2,0,3,0,6,11.0
2025,M.Hall,CLE,0,0,3,1,2,0,6,11.0
2025,M.Morris,SEA,2,0,2,0,2,0,6,11.0
2025,T.Williams,DET,0,0,3,1,2,0,6,11.0
2025,W.Harris,WAS,3,0,0,1,1,0,5,10.5
2025,A.Collins,SF,0,0,4,1,1,0,6,10.5
2025,J.Baker,CLE,1,0,0,1,3,0,5,10.5
2025,M.Judon,MIA,2,0,3,0,1,0,6,10.5
2025,K.McKinstry,NO,1,1,0,0,3,0,5,10.5
2025,K.Kelly,LV,3,1,0,0,1,0,5,10.5
2025,D.Perryman,LAC,0,1,0,0,4,0,5,10.5
2025,J.Bullard,NO,0,1,0,0,4,0,5,10.5
2025,D.Williams,LA,3,1,0,0,1,0,5,10.5
2025,C.Izien,TB,4,0,0,0,1,0,5,10.0
2025,P.O'Connell,SEA,2,0,1,1,1,0,5,10.0
2025,E.Stokes,LV,2,0,0,0,3,0,5,10.0
2025,D.Baker,TEN,5,0,0,0,0,0,5,10.0
2025,Z.Barnes,NYG,1,0,1,1,2,0,5,10.0
2025,M.Harrison,PIT,3,0,0,0,2,0,5,10.0
2025,D.Pettus,NE,2,0,1,1,1,0,5,10.0
2025,C.Flott,NYG,2,0,0,0,3,0,5,10.0
2025,N.Wiggins,BAL,3,0,0,0,2,0,5,10.0
2025,G.Williams,ARI,4,0,0,0,1,0,5,10.0
2025,M.Kneeland,DAL,0,0,1,1,3,0,5,10.0
2025,K.Abrams-Draine,DEN,4,0,0,0,1,0,5,10.0
2025,B.Morrison,TB,3,0,0,0,2,0,5,10.0
2025,Jo.Jones,WAS,2,0,1,1,1,0,5,10.0
2025,T.Jones,TEN,1,0,1,1,2,0,5,10.0
2025,D.Holmes,LV,5,0,0,0,0,0,5,10.0
2025,T.Ingram-Dawkins,MIN,1,0,1,1,2,0,5,10.0
2025,B.Jones,MIA,1,0,1,1,2,0,5,10.0
2025,M.Brown,JAX,5,0,0,0,0,0,5,10.0
2025,T.Campbell,CLE,3,0,1,0,1,0,5,9.5
2025,E.Goldman,WAS,0,0,1,0,4,0,5,9.5
2025,M.Hoecht,BUF,1,0,2,1,1,0,5,9.5
2025,A.Gilman,BAL,3,0,1,0,1,0,5,9.5
2025,O.Oweh,BAL,0,0,5,0,1,0,6,9.5
2025,J.Tillery,KC,0,0,2,1,2,0,5,9.5
2025,C.Taylor-Britt,CIN,3,0,1,0,1,0,5,9.5
2025,A.Mukuba,PHI,2,0,1,0,2,0,5,9.5
2025,M.Liufau,DAL,0,0,3,1,1,0,5,9.0
2025,D.Elliott,PIT,0,0,3,1,1,0,5,9.0
2025,T.Davis,LA,0,0,3,1,1,0,5,9.0
2025,M.Davenport,DET,0,0,3,1,1,0,5,9.0
2025,J.Andreessen,BUF,1,0,2,0,2,0,5,9.0
2025,Q.Martin,WAS,2,0,2,0,1,0,5,9.0
2025,P.Surtain,DEN,2,1,0,0,1,0,4,8.5
2025,J.Bertrand,ATL,2,1,0,0,1,0,4,8.5
2025,D.Hill,CIN,1,1,0,0,2,0,4,8.5
2025,D.McMillon,CLE,0,1,1,1,1,0,4,8.5
2025,Ja.Reed,SEA,2,0,3,0,0,0,5,8.5
2025,E.Ogbah,JAX,0,0,3,0,2,0,5,8.5
2025,J.Porter,PIT,3,0,0,1,0,0,4,8.5
2025,E.Forbes,LA,3,0,0,0,1,0,4,8.0
2025,A.Jackson,PHI,4,0,0,0,0,0,4,8.0
2025,D.Bell,SEA,1,1,1,0,1,0,4,8.0
2025,A.Keys,MIN,1,0,1,1,1,0,4,8.0
2025,C.Chambliss,MIN,1,0,1,1,1,0,4,8.0
2025,D.Horton,HOU,0,0,4,0,1,0,5,8.0
2025,D.Jackson,LAC,3,0,0,0,1,0,4,8.0
2025,B.Cook,KC,3,0,0,0,1,0,4,8.0
2025,C.Mitchell,IND,2,0,0,0,2,0,4,8.0
2025,D.Stingley,HOU,3,0,0,0,1,0,4,8.0
2025,D.Trader,MIA,4,0,0,0,0,0,4,8.0
2025,E.Otomewo,PIT,1,0,1,1,1,0,4,8.0
2025,R.Green,SF,4,0,0,0,0,0,4,8.0
2025,A.Davis,MIA,1,0,0,0,3,0,4,8.0
2025,X.Watts,ATL,4,0,0,0,0,0,4,8.0
2025,P.Locke,DEN,3,0,0,0,1,0,4,8.0
2025,N.Hobbs,GB,2,0,0,0,2,0,4,8.0
2025,G.Pratt,LV,3,0,0,0,1,0,4,8.0
2025,J.Brownlee,NYJ,3,0,0,0,1,0,4,8.0
2025,J.Phillips,BUF,0,0,1,1,2,0,4,8.0
2025,T.Batty,MIN,2,0,0,0,2,0,4,8.0
2025,M.Harris,TEN,3,0,0,0,1,0,4,8.0
2025,J.Brownlee,TEN,2,0,0,0,2,0,4,8.0
2025,M.Diabate,CLE,1,0,0,0,3,0,4,8.0
2025,Ch.Williams,CHI,0,0,2,1,1,0,4,7.5
2025,T.Wheat,DET,0,0,2,1,1,0,4,7.5
2025,P.Johnson,PHI,0,0,2,1,1,0,4,7.5
2025,S.Roberts,ATL,0,0,2,1,1,0,4,7.5
2025,B.McGregor,NYJ,0,0,2,1,1,0,4,7.5
2025,D.Phillips,LAC,0,0,2,1,1,0,4,7.5
2025,M.Bell,DAL,2,0,1,0,1,0,4,7.5
2025,C.Awuzie,BAL,3,0,1,0,0,0,4,7.5
2025,T.Kpassagnon,CHI,0,0,2,1,1,0,4,7.5
2025,T.Lacy,DET,1,0,2,1,0,0,4,7.5
2025,J.Turner,DEN,3,0,1,0,0,0,4,7.5
2025,A.Ajiake,IND,2,0,2,0,0,0,4,7.0
2025,Y.Gross-Matos,SF,2,0,2,0,0,0,4,7.0
2025,C.Oliver,GB,1,0,2,0,1,0,4,7.0
2025,D.Stills,ARI,0,0,2,0,2,0,4,7.0
2025,J.Lynch,TEN,1,0,2,0,1,0,4,7.0
2025,T.Eichenberg,LV,1,1,0,0,1,0,3,6.5
2025,D.Walker,BAL,0,1,1,1,0,0,3,6.5
2025,X.Woods,TEN,2,0,0,1,0,0,3,6.5
2025,M.Walker,NYJ,1,1,0,0,1,0,3,6.5
2025,R.Blankenship,PHI,1,1,0,0,1,0,3,6.5
2025,T.Baron,NYJ,2,0,0,0,1,0,3,6.0
2025,T.Arnold,DET,3,0,0,0,0,0,3,6.0
2025,D.Reader,DET,0,0,4,0,0,0,4,6.0
2025,T.Campbell,JAX,2,0,0,0,1,0,3,6.0
2025,C.Wormley,IND,0,0,1,1,1,0,3,6.0
2025,T.Sanders,BUF,0,0,1,1,1,0,3,6.0
2025,D.Ivey,CIN,3,0,0,0,0,0,3,6.0
2025,Ja.Horn,CAR,2,0,0,0,1,0,3,6.0
2025,E.Garcia,NYG,0,0,1,1,1,0,3,6.0
2025,R.Barber,WAS,0,0,1,1,1,0,3,6.0
2025,S.Webb,CLE,3,0,0,0,0,0,3,6.0
2025,T.Amos,WAS,2,0,0,0,1,0,3,6.0
2025,D.Ward,CLE,1,0,0,0,2,0,3,6.0
2025,R.Layne,NYG,2,0,0,0,1,0,3,6.0
2025,S.Kamara,CLE,0,0,0,0,3,0,3,6.0
2025,R.Mills,SEA,0,0,1,1,1,0,3,6.0
2025,Q.Riley,NO,3,0,0,0,0,0,3,6.0
2025,Q.Mitchell,PHI,3,0,0,0,0,0,3,6.0
2025,E.Hicks,CHI,3,0,0,0,0,0,3,6.0
2025,C.Roland-Wallace,KC,3,0,0,0,0,0,3,6.0
2025,F.Fatukasi,HOU,0,0,1,1,1,0,3,6.0
2025,D.Overshown,DAL,2,0,0,0,1,0,3,6.0
2025,T.Harper,DET,2,0,0,0,1,0,3,6.0
2025,T.McCollum,LV,1,0,0,0,2,0,3,6.0
2025,C.Braswell,JAX,1,0,0,0,2,0,3,6.0
2025,L.Wilson,CIN,3,0,0,0,0,0,3,6.0
2025,J.Burch,ARI,0,0,1,1,1,0,3,6.0
2025,M.Epps,PHI,2,0,0,0,1,0,3,6.0
2025,O.Burks,CIN,2,0,0,0,1,0,3,6.0
2025,O.Norman-Lott,KC,0,0,1,1,1,0,3,6.0
2025,J.Poyer,BUF,2,0,0,0,1,0,3,6.0
2025,J.Sanker,NO,0,0,0,0,3,0,3,6.0
2025,J.Armour-Davis,TEN,2,0,0,0,1,0,3,6.0
2025,G.Newsome,CLE,1,0,0,0,2,0,3,6.0
2025,N.Jones,LAC,2,0,0,0,1,0,3,6.0
2025,C.Holcomb,PIT,3,0,0,0,0,0,3,6.0
2025,M.Hooker,DAL,1,0,0,0,2,0,3,6.0
2025,J.Barron,DEN,3,0,0,0,0,0,3,6.0
2025,A.Thomas,NYJ,1,0,0,0,2,0,3,6.0
2025,O.Ogbonnia,LAC,0,0,0,0,3,0,3,6.0
2025,K.Saunders,NYJ,0,0,1,1,1,0,3,6.0
2025,K.Vildor,TB,3,0,0,0,0,0,3,6.0
2025,K.Wallace,HOU,1,0,0,0,2,0,3,6.0
2025,J.Magee,WAS,0,0,0,0,3,0,3,6.0
2025,J.Holland,NYG,3,0,0,0,0,0,3,6.0
2025,J.Jean-Baptiste,WAS,0,0,1,1,1,0,3,6.0
2025,J.Pharms,NE,0,1,1,0,1,0,3,6.0
2025,K.Kareem,ATL,0,1,1,0,1,0,3,6.0
2025,D.Banks,NYG,1,0,0,0,2,0,3,6.0
2025,R.Thomas,IND,1,0,1,0,1,0,3,5.5
2025,D.Godchaux,NO,0,0,1,0,2,0,3,5.5
2025,K.Barnes,CAR,1,0,1,0,1,0,3,5.5
2025,B.Okoye,BAL,1,0,1,0,1,0,3,5.5
2025,O.Oladejo,TEN,0,0,1,0,2,0,3,5.5
2025,N.Jones,HOU,1,0,1,0,1,0,3,5.5
2025,J.Marshall,MIA,1,0,1,0,1,0,3,5.5
2025,M.Dickerson,JAX,0,0,2,0,1,0,3,5.0
2025,D.Striggow,JAX,0,0,3,0,0,0,3,4.5
2025,M.Mapu,NE,1,1,0,0,0,0,2,4.5
2025,C.Lammons,IND,0,1,0,0,1,0,2,4.5
2025,P.Nickerson,PHI,1,1,0,0,0,0,2,4.5
2025,W.Brinson,GB,0,0,3,0,0,0,3,4.5
2025,K.Merriweather,TB,0,1,0,0,1,0,2,4.5
2025,D.Jones,TB,2,0,0,0,0,0,2,4.0
2025,V.Miller,JAX,2,0,0,0,0,0,2,4.0
2025,A.Austin,NE,1,0,0,0,1,0,2,4.0
2025,J.Ward,MIN,1,0,0,0,1,0,2,4.0
2025,T.Reeder,LA,2,0,0,0,0,0,2,4.0
2025,J.Pinnock,SF,1,0,0,0,1,0,2,4.0
2025,A.Cisco,NYJ,1,0,0,0,1,0,2,4.0
2025,D.Savage,WAS,2,0,0,0,0,0,2,4.0
2025,T.Bridges,DAL,2,0,0,0,0,0,2,4.0
2025,S.Turner,CHI,0,0,0,0,2,0,2,4.0
2025,S.Tuttle,TEN,1,0,0,0,1,0,2,4.0
2025,B.St-Juste,LAC,2,0,0,0,0,0,2,4.0
2025,K.Clark,ARI,1,0,0,0,1,0,2,4.0
2025,K.Brooks,TEN,2,0,0,0,0,0,2,4.0
2025,S.Revel,DAL,1,0,0,0,1,0,2,4.0
2025,L.Johnson,LV,2,0,0,0,0,0,2,4.0
2025,C.McDonald,KC,1,0,0,0,1,0,2,4.0
2025,A.Maddox,DET,1,0,0,0,1,0,2,4.0
2025,D.Luter,SF,1,0,0,0,1,0,2,4.0
2025,T.Graham,ATL,1,0,0,0,1,0,2,4.0
2025,T.Diggs,DAL,1,0,0,0,1,0,2,4.0
2025,D.Slay,PIT,1,0,0,0,1,0,2,4.0
2025,J.Pierre,PIT,1,0,0,0,1,0,2,4.0
2025,J.Sanborn,DAL,1,0,0,0,1,0,2,4.0
2025,F.Moreau,MIN,2,0,0,0,0,0,2,4.0
2025,R.Lane,JAX,1,0,0,0,1,0,2,4.0
2025,R.McCreary,LA,2,0,0,0,0,0,2,4.0
2025,S.Dolac,LA,0,0,0,0,2,0,2,4.0
2025,D.Turner,CIN,0,0,0,0,2,0,2,4.0
2025,P.Adebo,NYG,1,0,0,0,1,0,2,4.0
2025,J.Powers-Johnson,CHI,2,0,0,0,0,0,2,4.0
2025,J.Okudah,MIN,2,0,0,0,0,0,2,4.0
2025,J.Jones,IND,1,0,0,0,1,0,2,4.0
2025,G.Stuard,DET,1,0,0,0,1,0,2,4.0
2025,G.Wallow,SF,2,0,0,0,0,0,2,4.0
2025,Au.Johnson,JAX,0,0,1,1,0,0,2,4.0
2025,M.Wax,LAC,1,0,0,0,1,0,2,4.0
2025,K.Fulton,KC,2,0,0,0,0,0,2,4.0
2025,K.Crawford,ARI,2,0,0,0,0,0,2,4.0
2025,J.Farmer,NE,1,0,0,0,1,0,2,4.0
2025,J.Clark,NYJ,2,0,0,0,0,0,2,4.0
2025,C.Bullock,HOU,2,0,0,0,0,0,2,4.0
2025,C.Carson,DAL,1,0,0,0,1,0,2,4.0
2025,K.Hall,TEN,0,0,0,0,2,0,2,4.0
2025,J.Hancock,BUF,2,0,0,0,0,0,2,4.0
2025,J.Giles-Harris,CIN,2,0,0,0,0,0,2,4.0
2025,C.Bryant,ATL,1,0,0,0,1,0,2,4.0
2025,M.Carter,NYJ,1,0,0,0,1,0,2,4.0
2025,L.Wilson,DAL,2,0,0,0,0,0,2,4.0
2025,T.Smith,HOU,1,0,0,0,1,0,2,4.0
2025,B.Lux,CIN,2,0,0,0,0,0,2,4.0
2025,Z.McCollum,TB,1,0,0,0,1,0,2,4.0
2025,X.Hutchinson,JAX,2,0,0,0,0,0,2,4.0
2025,W.Johnson,ARI,0,0,0,0,2,0,2,4.0
2025,Z.Cunningham,DET,1,0,0,0,1,0,2,4.0
2025,A.Goodlow,ARI,0,0,1,0,1,0,2,3.5
2025,A.Ojulari,PHI,0,0,1,0,1,0,2,3.5
2025,T.Bryan,BAL,1,0,1,0,0,0,2,3.5
2025,Y.Black,PIT,1,0,1,0,0,0,2,3.5
2025,D.Ojabo,BAL,1,0,1,0,0,0,2,3.5
2025,K.Boyd,NO,1,0,1,0,0,0,2,3.5
2025,J.Tryon,CHI,0,0,1,0,1,0,2,3.5
2025,K.Britt,MIA,1,0,1,0,0,0,2,3.5
2025,D.Wise,WAS,0,0,1,0,1,0,2,3.5
2025,Q.Bell,MIA,1,0,1,0,0,0,2,3.5
2025,J.Ridgeway,NO,0,0,1,0,1,0,2,3.5
2025,J.Reeves-Maybin,CHI,1,0,1,0,0,0,2,3.5
2025,G.Vance,LV,1,0,1,0,0,0,2,3.5
2025,C.Cherelus,CAR,1,0,1,0,0,0,2,3.5
2025,C.Kancey,TB,0,0,1,0,1,0,2,3.5
2025,J.Holmes,WAS,1,0,1,0,0,0,2,3.5
2025,Jo.Phillips,MIA,1,0,1,0,0,0,2,3.5
2025,J.Wallace,LA,1,0,1,0,0,0,2,3.5
2025,T.Robinson,PHI,1,0,1,0,0,0,2,3.5
2025,L.Collier,ARI,0,0,2,0,0,0,2,3.0
2025,M.Butler,MIA,0,0,2,0,0,0,2,3.0
2025,C.Lindstrom,ARI,0,1,0,0,0,0,1,2.5
2025,J.Palmer,HOU,0,1,0,0,0,0,1,2.5
2025,T.McLaurin,MIN,0,1,0,0,0,0,1,2.5
2025,C.Kmet,GB,0,1,0,0,0,0,1,2.5
2025,Z.Frazier,SEA,0,1,0,0,0,0,1,2.5
2025,G.Kittle,LA,0,1,0,0,0,0,1,2.5
2025,A.Barner,PIT,0,1,0,0,0,0,1,2.5
2025,M.Stafford,ATL,0,1,0,0,0,0,1,2.5
2025,H.Cross,CIN,0,1,0,0,0,0,1,2.5
2025,J.Hyatt,NO,0,1,0,0,0,0,1,2.5
2025,E.Wilkinson,ARI,0,1,0,0,0,0,1,2.5
2025,P.Bryant,JAX,0,1,0,0,0,0,1,2.5
2025,E.Watts,NYJ,0,1,0,0,0,0,1,2.5
2025,J.Stoll,SEA,0,1,0,0,0,0,1,2.5
2025,C.Otton,LA,0,1,0,0,0,0,1,2.5
2025,L.Strickland,DET,0,1,0,0,0,0,1,2.5
2025,L.Burden,GB,0,1,0,0,0,0,1,2.5
2025,B.Tuten,KC,0,1,0,0,0,0,1,2.5
2025,B.Schooler,NE,0,1,0,0,0,0,1,2.5
2025,B.Pili,SEA,0,1,0,0,0,0,1,2.5
2025,R.Shaheed,LA,0,1,0,0,0,0,1,2.5
2025,R.Ouzts,PIT,0,1,0,0,0,0,1,2.5
2025,R.McCloud,CAR,0,1,0,0,0,0,1,2.5
2025,K.Turpin,ARI,0,1,0,0,0,0,1,2.5
2025,A.Membou,NO,0,1,0,0,0,0,1,2.5
2025,A.Membou,MIA,0,1,0,0,0,0,1,2.5
2025,A.Kamara,CHI,0,1,0,0,0,0,1,2.5
2025,D.Moore,LA,0,1,0,0,0,0,1,2.5
2025,K.Latu,TB,0,1,0,0,0,0,1,2.5
2025,A.Brewer,NE,0,1,0,0,0,0,1,2.5
2025,J.Tonges,TB,0,1,0,0,0,0,1,2.5
2025,J.Wiley,KC,0,1,0,0,0,0,1,2.5
2025,A.Ogbongbemiga,CHI,0,1,0,0,0,0,1,2.5
2025,K.Mumpfield,CAR,1,0,0,0,0,0,1,2.0
2025,X.Worthy,BUF,1,0,0,0,0,0,1,2.0
2025,A.Gardner,NYJ,1,0,0,0,0,0,1,2.0
2025,A.Estime,ATL,1,0,0,0,0,0,1,2.0
2025,T.Williams,ARI,1,0,0,0,0,0,1,2.0
2025,T.Warren,HOU,1,0,0,0,0,0,1,2.0
2025,D.Anthony,CIN,1,0,0,0,0,0,1,2.0
2025,D.Adams,CAR,1,0,0,0,0,0,1,2.0
2025,D.Achane,LAC,1,0,0,0,0,0,1,2.0
2025,D.Achane,IND,1,0,0,0,0,0,1,2.0
2025,D.Achane,CLE,1,0,0,0,0,0,1,2.0
2025,M.Corley,BAL,1,0,0,0,0,0,1,2.0
2025,J.Eluemunor,DEN,1,0,0,0,0,0,1,2.0
2025,J.Edwards,IND,1,0,0,0,0,0,1,2.0
2025,J.Downs,JAX,1,0,0,0,0,0,1,2.0
2025,J.Hummel,BAL,0,0,0,0,1,0,1,2.0
2025,J.Phillips,MIA,0,0,0,0,1,0,1,2.0
2025,J.Pegues,LV,0,0,0,0,1,0,1,2.0
2025,C.Brown,BAL,1,0,0,0,0,0,1,2.0
2025,K.Knowles,KC,1,0,0,0,0,0,1,2.0
2025,K.Joseph,DET,1,0,0,0,0,0,1,2.0
2025,K.Jonathan,NYJ,1,0,0,0,0,0,1,2.0
2025,K.Jenkins,BUF,1,0,0,0,0,0,1,2.0
2025,J.Bitonio,BAL,1,0,0,0,0,0,1,2.0
2025,J.Andrews,LAC,1,0,0,0,0,0,1,2.0
2025,A.Pierce,ATL,1,0,0,0,0,0,1,2.0
2025,N.Whiteside,DET,1,0,0,0,0,0,1,2.0
2025,C.Lindstrom,SEA,1,0,0,0,0,0,1,2.0
2025,C.Kupp,LA,1,0,0,0,0,0,1,2.0
2025,M.Melton,ARI,0,0,0,0,1,0,1,2.0
2025,M.McCrary-Ball,NYJ,0,0,0,0,1,0,1,2.0
2025,M.Lattimore,WAS,0,0,0,0,1,0,1,2.0
2025,M.Hollins,BUF,1,0,0,0,0,0,1,2.0
2025,M.Hilton,IND,0,0,0,0,1,0,1,2.0
2025,J.Chase,JAX,1,0,0,0,0,0,1,2.0
2025,J.Chase,DET,1,0,0,0,0,0,1,2.0
2025,M.Evans,CAR,1,0,0,0,0,0,1,2.0
2025,M.Edwards,KC,0,0,0,0,1,0,1,2.0
2025,M.Rodriguez,DET,0,0,0,0,1,0,1,2.0
2025,J.Lane,SEA,1,0,0,0,0,0,1,2.0
2025,J.Johnson,GB,1,0,0,0,0,0,1,2.0
2025,J.Johnson,CHI,1,0,0,0,0,0,1,2.0
2025,C.Hubbard,CHI,1,0,0,0,0,0,1,2.0
2025,C.Henderson,ATL,1,0,0,0,0,0,1,2.0
2025,J.Alexander,BAL,1,0,0,0,0,0,1,2.0
2025,I.Yiadom,NO,0,0,0,0,1,0,1,2.0
2025,I.TeSlaa,MIN,1,0,0,0,0,0,1,2.0
2025,I.TeSlaa,CHI,1,0,0,0,0,0,1,2.0
2025,M.Robinson,TEN,0,0,0,0,1,0,1,2.0
2025,M.Pennel,CIN,0,0,0,0,1,0,1,2.0
2025,M.Nabers,KC,1,0,0,0,0,0,1,2.0
2025,B.Cooks,DEN,1,0,0,0,0,0,1,2.0
2025,B.Bowers,PHI,1,0,0,0,0,0,1,2.0
2025,J.Brents,MIA,1,0,0,0,0,0,1,2.0
2025,K.Dugger,NE,1,0,0,0,0,0,1,2.0
2025,P.Mustipher,ARI,0,0,0,0,1,0,1,2.0
2025,P.Jules,CIN,0,0,0,0,1,0,1,2.0
2025,N.McCloud,CHI,1,0,0,0,0,0,1,2.0
2025,I.Davis,MIA,1,0,0,0,0,0,1,2.0
2025,I.Adams,SF,1,0,0,0,0,0,1,2.0
2025,H.Luepke,ARI,1,0,0,0,0,0,1,2.0
2025,H.Froholdt,SEA,1,0,0,0,0,0,1,2.0
2025,G.Zabel,LA,1,0,0,0,0,0,1,2.0
2025,N.Hampton,LA,1,0,0,0,0,0,1,2.0
2025,M.Wilson,LA,1,0,0,0,0,0,1,2.0
2025,M.Wilson,CIN,1,0,0,0,0,0,1,2.0
2025,M.Washington,BUF,1,0,0,0,0,0,1,2.0
2025,E.Simmons,TB,0,0,0,0,1,0,1,2.0
2025,P.Washington,HOU,1,0,0,0,0,0,1,2.0
2025,J.Jefferson,BAL,1,0,0,0,0,0,1,2.0
2025,J.Ingram,BUF,1,0,0,0,0,0,1,2.0
2025,B.Johnson,IND,0,0,0,0,1,0,1,2.0
2025,L.Taylor,NYJ,0,0,0,0,1,0,1,2.0
2025,L.Sneed,TEN,1,0,0,0,0,0,1,2.0
2025,L.Ray,CAR,1,0,0,0,0,0,1,2.0
2025,J.Newton,CIN,1,0,0,0,0,0,1,2.0
2025,A.St. Brown,NYG,1,0,0,0,0,0,1,2.0
2025,A.St. Brown,GB,1,0,0,0,0,0,1,2.0
2025,K.Elam,DAL,1,0,0,0,0,0,1,2.0
2025,C.Olave,TB,1,0,0,0,0,0,1,2.0
2025,C.Murphy,LAC,1,0,0,0,0,0,1,2.0
2025,E.Jones,CIN,1,0,0,0,0,0,1,2.0
2025,E.Johnson,IND,0,0,0,0,1,0,1,2.0
2025,E.Hallett,DET,1,0,0,0,0,0,1,2.0
2025,O.Gadsden,PHI,1,0,0,0,0,0,1,2.0
2025,A.Trammell,ARI,1,0,0,0,0,0,1,2.0
2025,G.Newsome,JAX,1,0,0,0,0,0,1,2.0
2025,G.Dortch,SF,1,0,0,0,0,0,1,2.0
2025,G.Davis,PIT,1,0,0,0,0,0,1,2.0
2025,G.Bradbury,HOU,1,0,0,0,0,0,1,2.0
2025,G.Bradbury,BAL,1,0,0,0,0,0,1,2.0
2025,G.Bolles,BUF,1,0,0,0,0,0,1,2.0
2025,A.Stinnie,MIN,1,0,0,0,0,0,1,2.0
2025,E.Wilkinson,IND,1,0,0,0,0,0,1,2.0
2025,Ev.Brown,CAR,1,0,0,0,0,0,1,2.0
2025,D.Thomas,DET,0,0,0,0,1,0,1,2.0
2025,D.Stutsman,NO,1,0,0,0,0,0,1,2.0
2025,S.Diggs,CLE,1,0,0,0,0,0,1,2.0
2025,S.Darnold,CAR,1,0,0,0,0,0,1,2.0
2025,S.Brown,PHI,1,0,0,0,0,0,1,2.0
2025,S.Bartholomew,GB,0,0,0,0,1,0,1,2.0
2025,P.Washington,ARI,1,0,0,0,0,0,1,2.0
2025,P.Page,NYJ,0,0,0,0,1,0,1,2.0
2025,P.O'Connor,DET,1,0,0,0,0,0,1,2.0
2025,A.Hamilton,WAS,1,0,0,0,0,0,1,2.0
2025,J.Smith-Njigba,LA,1,0,0,0,0,0,1,2.0
2025,J.Simpson,GB,1,0,0,0,0,0,1,2.0
2025,J.Reed,HOU,1,0,0,0,0,0,1,2.0
2025,K.Granson,WAS,1,0,0,0,0,0,1,2.0
2025,K.Elam,TEN,0,0,0,0,1,0,1,2.0
2025,C.White,WAS,1,0,0,0,0,0,1,2.0
2025,L.Johnson,GB,1,0,0,0,0,0,1,2.0
2025,L.Jackson,CIN,1,0,0,0,0,0,1,2.0
2025,Z.Charbonnet,ATL,1,0,0,0,0,0,1,2.0
2025,K.Oladapo,GB,1,0,0,0,0,0,1,2.0
2025,K.Williamson,LAC,1,0,0,0,0,0,1,2.0
2025,K.Walker,LA,1,0,0,0,0,0,1,2.0
2025,K.Walker,ATL,1,0,0,0,0,0,1,2.0
2025,E.Garcia,ATL,1,0,0,0,0,0,1,2.0
2025,E.Bonner,MIA,0,0,0,0,1,0,1,2.0
2025,R.Flournoy,ARI,1,0,0,0,0,0,1,2.0
2025,Q.Stiggers,NYJ,0,0,0,0,1,0,1,2.0
2025,Q.Johnston,DEN,1,0,0,0,0,0,1,2.0
2025,Q.Diggs,TEN,1,0,0,0,0,0,1,2.0
2025,G.Barton,NO,1,0,0,0,0,0,1,2.0
2025,G.Barton,BUF,1,0,0,0,0,0,1,2.0
2025,C.McCaffrey,TEN,1,0,0,0,0,0,1,2.0
2025,D.Thornton,LAC,1,0,0,0,0,0,1,2.0
2025,S.Rattler,CHI,1,0,0,0,0,0,1,2.0
2025,C.Muma,NE,1,0,0,0,0,0,1,2.0
2025,D.Eskridge,IND,1,0,0,0,0,0,1,2.0
2025,B.Thomas,CIN,1,0,0,0,0,0,1,2.0
2025,D.Davidson,NYG,0,0,0,0,1,0,1,2.0
2025,D.Clark,NYJ,1,0,0,0,0,0,1,2.0
2025,K.Coleman,NO,1,0,0,0,0,0,1,2.0
2025,R.Stanley,PIT,1,0,0,0,0,0,1,2.0
2025,D.Clark,DAL,1,0,0,0,0,0,1,2.0
2025,T.Tucker,NYG,1,0,0,0,0,0,1,2.0
2025,R.Neuzil,SEA,1,0,0,0,0,0,1,2.0
2025,R.Mickens,LAC,1,0,0,0,0,0,1,2.0
2025,T.Thornton,DEN,1,0,0,0,0,0,1,2.0
2025,R.Hunt,ARI,1,0,0,0,0,0,1,2.0
2025,T.Franklin,WAS,1,0,0,0,0,0,1,2.0
2025,T.Franklin,LV,1,0,0,0,0,0,1,2.0
2025,D.Sills,SEA,1,0,0,0,0,0,1,2.0
2025,D.Schultz,JAX,1,0,0,0,0,0,1,2.0
2025,D.Samuel,NYG,1,0,0,0,0,0,1,2.0
2025,D.Sampson,NE,1,0,0,0,0,0,1,2.0
2025,D.Richardson,LV,1,0,0,0,0,0,1,2.0
2025,D.Reed,DET,1,0,0,0,0,0,1,2.0
2025,D.Puni,TB,1,0,0,0,0,0,1,2.0
2025,D.Porter,LV,1,0,0,0,0,0,1,2.0
2025,K.Vidal,PHI,1,0,0,0,0,0,1,2.0
2025,K.Vidal,KC,1,0,0,0,0,0,1,2.0
2025,T.Thomas,MIN,1,0,0,0,0,0,1,2.0
2025,K.Taylor,ATL,1,0,0,0,0,0,1,2.0
2025,K.Ringo,PHI,0,0,0,0,1,0,1,2.0
2025,K.Pitts,SEA,1,0,0,0,0,0,1,2.0
2025,T.Allgeier,IND,1,0,0,0,0,0,1,2.0
2025,S.Womack,NYJ,1,0,0,0,0,0,1,2.0
2025,S.Rhyan,CLE,1,0,0,0,0,0,1,2.0
2025,T.Stevenson,CHI,0,0,0,0,1,0,1,2.0
2025,Z.Scott,PIT,1,0,0,0,0,0,1,2.0
2025,A.Maulet,DET,1,0,0,0,0,0,1,2.0
2025,W.Shipley,LAC,1,0,0,0,0,0,1,2.0
2025,A.Jones,BAL,1,0,0,0,0,0,1,2.0
2025,T.Kelce,WAS,1,0,0,0,0,0,1,2.0
2025,T.Hopper,GB,0,0,0,0,1,0,1,2.0
2025,D.Moore,LV,1,0,0,0,0,0,1,2.0
2025,A.Huzzie,HOU,1,0,0,0,0,0,1,2.0
2025,K.Boutte,BAL,1,0,0,0,0,0,1,2.0
2025,K.Black,NYG,0,0,0,0,1,0,1,2.0
2025,J.Tufele,NYJ,1,0,0,0,0,0,1,2.0
2025,J.Nailor,DET,1,0,0,0,0,0,1,2.0
2025,T.Avery,CLE,1,0,0,0,0,0,1,2.0
2025,J.Higgins,BAL,1,0,0,0,0,0,1,2.0
2025,J.Herbert,IND,1,0,0,0,0,0,1,2.0
2025,J.Gaines,LA,1,0,0,0,0,0,1,2.0
2025,J.Ford,CHI,1,0,0,0,0,0,1,2.0
2025,J.Ferguson,KC,1,0,0,0,0,0,1,2.0
2025,M.Caliendo,WAS,1,0,0,0,0,0,1,2.0
2025,A.Huntington,CLE,1,0,0,0,0,0,1,2.0
2025,M.Brown,WAS,1,0,0,0,0,0,1,2.0
2025,M.Brown,HOU,1,0,0,0,0,0,1,2.0
2025,B.Martin-Scott,CAR,0,0,0,0,1,0,1,2.0
2025,J.Love,CIN,1,0,0,0,0,0,1,2.0
2025,D.Moore,CLE,1,0,0,0,0,0,1,2.0
2025,Z.Flowers,LA,1,0,0,0,0,0,1,2.0
2025,C.Valentine,GB,1,0,0,0,0,0,1,2.0
2025,A.Deculus,IND,1,0,0,0,0,0,1,2.0
2025,X.Hutchinson,PIT,1,0,0,0,0,0,1,2.0
2025,Z.Tom,CHI,1,0,0,0,0,0,1,2.0
2025,D.Hall,ARI,1,0,0,0,0,0,1,2.0
2025,D.Gabriel,NE,1,0,0,0,0,0,1,2.0
2025,A.Bradford,LA,1,0,0,0,0,0,1,2.0
2025,K.Hunt,LAC,1,0,0,0,0,0,1,2.0
2025,J.Thomas,DAL,1,0,0,0,0,0,1,2.0
2025,J.Taylor,NYJ,1,0,0,0,0,0,1,2.0
2025,J.Taylor,ATL,1,0,0,0,0,0,1,2.0
2025,K.Allen,WAS,1,0,0,0,0,0,1,2.0
2025,K.Allen,NYG,1,0,0,0,0,0,1,2.0
2025,J.Williams,MIN,1,0,0,0,0,0,1,2.0
2025,T.McMillan,SEA,1,0,0,0,0,0,1,2.0
2025,J.Waddle,BUF,1,0,0,0,0,0,1,2.0
2025,Z.Anderson,GB,1,0,0,0,0,0,1,2.0
2025,Z.Carter,ARI,1,0,0,0,0,0,1,2.0
2025,T.Owens,WAS,1,0,0,0,0,0,1,2.0
2025,D.Metcalf,NE,1,0,0,0,0,0,1,2.0
2025,T.Hockenson,PIT,1,0,0,0,0,0,1,2.0
2025,T.Fuaga,BUF,1,0,0,0,0,0,1,2.0
2025,T.Linderbaum,PIT,1,0,0,0,0,0,1,2.0
2025,J.Hill,HOU,0,0,0,0,1,0,1,2.0
2025,A.Mims,JAX,1,0,0,0,0,0,1,2.0
2025,C.Thornton,CAR,1,0,0,0,0,0,1,2.0
2025,C.Sutton,IND,1,0,0,0,0,0,1,2.0
2025,C.Strange,CIN,1,0,0,0,0,0,1,2.0
2025,C.Smith,LV,1,0,0,0,0,0,1,2.0
2025,D.Knox,HOU,1,0,0,0,0,0,1,2.0
2025,D.Key,DEN,1,0,0,0,0,0,1,2.0
2025,D.Kendrick,SEA,0,0,0,0,1,0,1,2.0
2025,D.Jackson,BAL,1,0,0,0,0,0,1,2.0
2025,T.Burks,PHI,1,0,0,0,0,0,1,2.0
2025,D.Ekuale,PIT,0,0,1,0,0,0,1,1.5
2025,J.Toia,DAL,0,0,1,0,0,0,1,1.5
2025,D.Hardy,CHI,0,0,1,0,0,0,1,1.5
2025,A.Peebles,BAL,0,0,1,0,0,0,1,1.5
2025,T.Hamilton,LA,0,0,1,0,0,0,1,1.5
2025,D.Nnadi,KC,0,0,1,0,0,0,1,1.5
2025,J.Tryon,CLE,0,0,1,0,0,0,1,1.5
2025,S.Heyward,CIN,0,0,1,0,0,0,1,1.5
2025,L.Lee,PIT,0,0,1,0,0,0,1,1.5
2025,S.Day,WAS,0,0,1,0,0,0,1,1.5
2025,F.Oladejo,TEN,0,0,1,0,0,0,1,1.5
2025,L.Taylor,NE,0,0,1,0,0,0,1,1.5
2025,J.Jackson,DEN,0,0,1,0,0,0,1,1.5
2025,I.Foskey,CIN,0,0,1,0,0,0,1,1.5
2025,M.McFadden,NYG,0,0,1,0,0,0,1,1.5
2025,C.Lucas,SF,0,0,1,0,0,0,1,1.5
2025,C.Gardner-Johnson,HOU,0,0,1,0,0,0,1,1.5
2025,Z.Logue,BUF,0,0,1,0,0,0,1,1.5
2025,A.Gotsis,TB,0,0,1,0,0,0,1,1.5
